id,https://0-00-0.com/robots.txt
1,http://0-001.com/f/0IYnuditmem
2,http://0-001.com/f/fHAnb6g
3,http://0-001.com/f/jgKtLl
4,http://0-001.com/f/My6rTnmDzZ
5,http://0-001.com/f/rS2CIBzyOz
6,http://0-001.com/f/sy6d5E
7,http://0-001.com/j/4nyABK5
8,http://0-001.com/j/Ddb4CioCU7
9,http://0-001.com/j/dXyoKhmUJ
10,http://0-001.com/j/HRhMKpk
11,http://0-001.com/j/huEFliZeE
12,http://0-001.com/j/IXp7Y
13,http://0-001.com/j/jMoIdkfdKH0
14,http://0-001.com/j/MTVDYbb
15,http://0-001.com/j/R15
16,http://0-001.com/l/4M49CKPz
17,http://0-001.com/l/9XhhSV5D
18,http://0-001.com/l/en6k3
19,http://0-001.com/l/jJ8
20,http://0-001.com/l/LSynCl7
21,http://0-001.com/l/OAKF
22,http://0-001.com/l/oip4bi
23,http://0-001.com/o/pPAFJcZC
24,http://0-001.com/o/t2l0S3v
25,http://0-001.com/o/XsYL
26,http://0-001.com/o/YP8
27,http://0-001.com/p/1RNCgf8njEK
28,http://0-001.com/p/46VvtJU
29,http://0-001.com/p/7H0zC6
30,http://0-001.com/p/DEjK
31,http://0-001.com/p/lVgON
32,http://0-001.com/p/Np2do
33,http://0-001.com/p/p4C8G9buXb
34,http://0-001.com/p/pnJrL
35,http://0-001.com/p/VOAr1D2
36,http://0-001.com/p/xbILJMYPPzn
37,http://0-001.com/p/XESYx
38,http://0-001.com/p/XX0DkjYyCi
39,http://0-001.com/t/6OYo9MVlJD
40,http://0-001.com/t/Fkuk1A
41,http://0-001.com/t/H19FxtaCIaA
42,http://0-001.com/t/he35
43,http://0-001.com/t/j6NVVpj
44,http://0-001.com/t/m018
45,http://0-001.com/t/M576g8
46,http://0-001.com/t/MOzZxofjc
47,http://0-001.com/t/sHX6
48,http://0-001.com/t/UZOhf6V
49,http://0-001.com/t/V1D
50,http://0-070.com/
51,http://0-070.com/robots.txt
52,http://www.0-0dy.com/honor.html
53,http://www.0-0dy.com/index.php
54,http://www.0-0dy.com/intro/1.html
55,http://www.0-0dy.com/intro/10.html
56,http://www.0-0dy.com/intro/11.html
57,http://www.0-0dy.com/intro/13.html
58,http://www.0-0dy.com/intro/14.html
59,http://www.0-0dy.com/intro/15.html
60,http://www.0-0dy.com/intro/3.html
61,http://www.0-0dy.com/intro/4.html
62,http://www.0-0dy.com/intro/6.html
63,http://www.0-0dy.com/intro/7.html
64,http://www.0-0dy.com/intro/8.html
65,http://www.0-0dy.com/intro/9.html
66,http://www.0-0dy.com/messages.html
67,http://www.0-0dy.com/news/14.html
68,http://www.0-0dy.com/news/15.html
69,http://www.0-0dy.com/news/2/
70,http://www.0-0dy.com/news/3/
71,http://www.0-0dy.com/news/3.html
72,http://www.0-0dy.com/news/4/
73,http://www.0-0dy.com/news/4.html
74,http://www.0-0dy.com/news/42.html
75,http://www.0-0dy.com/news/43.html
76,http://www.0-0dy.com/news/44.html
77,http://www.0-0dy.com/news/45.html
78,http://www.0-0dy.com/news/5.html
79,http://www.0-0dy.com/news/6.html
80,http://www.0-0dy.com/news/9.html
81,http://www.0-0dy.com/product/12/
82,http://www.0-0dy.com/product/13/
83,http://www.0-0dy.com/product/16.html
84,http://www.0-0dy.com/product/17.html
85,http://www.0-0dy.com/product/18/
86,http://www.0-0dy.com/product/18.html
87,http://www.0-0dy.com/product/19/
88,http://www.0-0dy.com/product/19.html
89,http://www.0-0dy.com/product/20/
90,http://www.0-0dy.com/product/20.html
91,http://www.0-0dy.com/product/21.html
92,http://www.0-0dy.com/product/22.html
93,http://www.0-0dy.com/product/23.html
94,http://www.0-0dy.com/product/5/
95,http://www.0-0dy.com/product/6/
96,http://www.0-0dy.com/product/7/
97,http://www.0-0dy.com/products.html?productCateId=6
98,http://www.0-0dy.com/robots.txt
99,http://www.0-0p.com/company/company-show-10562.htm
100,http://www.0-0p.com/company/company-show-16479.htm
101,http://www.0-0p.com/company/company-show-16718.htm
102,http://www.0-0p.com/company/company-show-23396.htm
103,http://www.0-0p.com/company/company-show-26080.htm
104,http://www.0-0p.com/company/company-show-26757.htm
105,http://www.0-0p.com/company/company-show-27515.htm
106,http://www.0-0p.com/company/company-show-28928.htm
107,http://www.0-0p.com/company/company-show-395.htm
108,http://www.0-0p.com/company/company-show-7417.htm
109,http://www.0-0p.com/explain/explain-msg.htm?infotype=3
110,http://www.0-0p.com/jobs/jobs-list.php?key=&trade=17&page=27
111,http://www.0-0p.com/jobs/jobs-show-14513.htm
112,http://www.0-0p.com/jobs/jobs-show-19090.htm
113,http://www.0-0p.com/jobs/jobs-show-23101.htm
114,http://www.0-0p.com/jobs/jobs-show-27933.htm
115,http://www.0-0p.com/jobs/jobs-show-27934.htm
116,http://www.0-0p.com/jobs/jobs-show-32307.htm
117,http://www.0-0p.com/jobs/jobs-show-32312.htm
118,http://www.0-0p.com/jobs/jobs-show-33726.htm
119,http://www.0-0p.com/jobs/jobs-show-33994.htm
120,http://www.0-0p.com/jobs/jobs-show-34172.htm
121,http://www.0-0p.com/jobs/jobs-show-34394.htm
122,http://www.0-0p.com/jobs/jobs-show-34445.htm
123,http://www.0-0p.com/jobs/jobs-show-35466.htm
124,http://www.0-0p.com/jobs/jobs-show-9692.htm
125,http://www.0-0p.com/jobs/jobtag-search.php
126,http://www.0-0p.com/news/news-show-8171.htm
127,http://www.0-0p.com/news/news-show-8172.htm
128,http://www.0-0p.com/news/news-show-8186.htm
129,http://www.0-0p.com/news/news-show-8187.htm
130,http://www.0-0p.com/news/news-show-8188.htm
131,http://www.0-0p.com/news/news-show-8189.htm
132,http://www.0-0p.com/news/news-show-8191.htm
133,http://www.0-0p.com/news/news-show-8192.htm
134,http://www.0-0p.com/news/news-show-8193.htm
135,http://www.0-0p.com/resume/resume-list.php
136,http://www.0-0p.com/resume/resume-show-208401.htm
137,http://www.0-0p.com/resume/resume-show-264959.htm
138,http://www.0-0p.com/resume/resume-show-305286.htm
139,http://www.0-0p.com/resume/resume-show-315293.htm
140,http://www.0-0p.com/resume/resume-show-320394.htm
141,http://www.0-0p.com/resume/resume-show-320525.htm
142,http://www.0-0p.com/resume/?page=10
143,http://www.0-0p.com/resume/?page=10000
144,http://www.0-0p.com/resume/?page=3
145,http://www.0-0p.com/resume/?page=5
146,http://www.0-0p.com/resume/?page=6
147,http://www.0-0p.com/resume/?page=7
148,http://www.0-0p.com/resume/?page=9
149,http://www.0-0p.com/robots.txt
150,http://www.0-0p.com/user/login.php
151,http://www.0-0p.com/user/reg_phone.php
152,https://0-0z.com/articles/cc-cc-triangular-arbitrage-has-chance-yet
153,https://0-0z.com/articles/cc-cc-triangular-arbitrage-has-chance-yet.html
154,https://0-0z.com/articles/cc-exchanges-price-convergence
155,https://0-0z.com/articles/cc-exchanges-price-convergence.html
156,https://0-0z.com/articles/cc-exchanges-where-pay-fee-when-trade
157,https://0-0z.com/articles/cc-exchanges-where-pay-fee-when-trade.html
158,https://0-0z.com/articles/cc-pay-attention-to-the-exchanges-for-arbitrage
159,https://0-0z.com/articles/cc-pay-attention-to-the-exchanges-for-arbitrage.html
160,https://0-0z.com/articles/cc-speed-check-for-arbitrage
161,https://0-0z.com/articles/cc-speed-check-for-arbitrage.html
162,https://0-0z.com/articles/how-to-open-liquid-and-btcbox-account
163,https://0-0z.com/articles/how-to-open-liquid-and-btcbox-account.html
164,https://0-0z.com/articles/japanese-btc-exchange-where-non-resident-can-open
165,https://0-0z.com/articles/japanese-btc-exchange-where-non-resident-can-open.html
166,https://0-0z.com/articles/kl-chicken-rice-nam-heong
167,https://0-0z.com/articles/kl-chicken-rice-nam-heong.html
168,https://0-0z.com/articles/kl-courier-and-printing-mbe
169,https://0-0z.com/articles/kl-courier-and-printing-mbe.html
170,https://0-0z.com/articles/kl-how-to-get-to-the-tokyo-street
171,https://0-0z.com/articles/kl-how-to-get-to-the-tokyo-street.html
172,https://0-0z.com/articles/kl-japanese-chains-sukiya
173,https://0-0z.com/articles/kl-japanese-chains-sukiya.html
174,https://0-0z.com/articles/kl-japanese-karaage
175,https://0-0z.com/articles/kl-japanese-karaage.html
176,https://0-0z.com/articles/labuan-readymade-company
177,https://0-0z.com/articles/labuan-readymade-company.html
178,https://0-0z.com/articles/residency-in-malaysia-complete-guide
179,https://0-0z.com/articles/residency-in-malaysia-complete-guide.html
180,https://0-0z.com/categories
181,https://0-0z.com/categories.html
182,https://0-0z.com/robots.txt
183,https://0-0z.com/tags
184,https://0-0z.com/tags.html
185,https://0-0z.com/tags/btc
186,https://0-0z.com/tags/btc.html
187,https://0-0z.com/tags/cc-exchange
188,https://0-0z.com/tags/cc-exchange.html
189,https://0-0z.com/tags/chicken-rice
190,https://0-0z.com/tags/chicken-rice.html
191,https://0-0z.com/tags/condominium
192,https://0-0z.com/tags/condominium.html
193,https://0-0z.com/tags/event
194,https://0-0z.com/tags/event.html
195,https://0-0z.com/tags/getting-started-cc
196,https://0-0z.com/tags/getting-started-cc.html
197,https://0-0z.com/tags/hotel
198,https://0-0z.com/tags/hotel.html
199,https://0-0z.com/tags/malacca
200,https://0-0z.com/tags/malacca.html
201,https://0-0z.com/tags/malaysia/page/2
202,https://0-0z.com/tags/malaysia/page/2.html
203,https://0-0z.com/tags/shopping
204,https://0-0z.com/tags/shopping.html
205,https://0-0z.com/tags/sightseeing
206,https://0-0z.com/tags/sightseeing.html
207,https://0-0z.com/tags/software
208,https://0-0z.com/tags/software.html
209,https://0-1-0-4.com/
210,https://0-1-0-4.com/board/product/list.html?board_no=6
211,https://0-1-0-4.com/index.html
212,https://0-1-0-4.com/robots.txt
213,https://0-1-0-4.com/shopinfo/company.html
214,https://0-1-0-4.com/shopinfo/guide.html
215,https://0-1-f.com/
216,https://0-1-f.com/1415
217,https://0-1-f.com/1418
218,https://0-1-f.com/1423
219,https://0-1-f.com/143
220,https://0-1-f.com/1481
221,https://0-1-f.com/1489
222,https://0-1-f.com/1511
223,https://0-1-f.com/1522
224,https://0-1-f.com/1539
225,https://0-1-f.com/1579
226,https://0-1-f.com/1588
227,https://0-1-f.com/1611
228,https://0-1-f.com/1622
229,https://0-1-f.com/1629
230,https://0-1-f.com/1664
231,https://0-1-f.com/1671
232,https://0-1-f.com/1689
233,https://0-1-f.com/1699
234,https://0-1-f.com/1744
235,https://0-1-f.com/1785
236,https://0-1-f.com/1791
237,https://0-1-f.com/1806
238,https://0-1-f.com/1817
239,https://0-1-f.com/1829
240,https://0-1-f.com/1977
241,https://0-1-f.com/265
242,https://0-1-f.com/295
243,https://0-1-f.com/299
244,https://0-1-f.com/301
245,https://0-1-f.com/304
246,https://0-1-f.com/393
247,https://0-1-f.com/404
248,https://0-1-f.com/451
249,https://0-1-f.com/472
250,https://0-1-f.com/479
251,https://0-1-f.com/48
252,https://0-1-f.com/622
253,https://0-1-f.com/624
254,https://0-1-f.com/699
255,https://0-1-f.com/719
256,https://0-1-f.com/734
257,https://0-1-f.com/74
258,https://0-1-f.com/759
259,https://0-1-f.com/771
260,https://0-1-f.com/776
261,https://0-1-f.com/793
262,https://0-1-f.com/798
263,https://0-1-f.com/861
264,https://0-1-f.com/862
265,https://0-1-f.com/863
266,https://0-1-f.com/915
267,https://0-1-f.com/category/%E3%82%B9%E3%83%9E%E3%83%BC%E3%83%88%E3%83%95%E3%82%A9%E3%83%B3
268,https://0-1-f.com/category/%E3%82%B9%E3%83%9E%E3%83%BC%E3%83%88%E3%83%95%E3%82%A9%E3%83%B3/android
269,https://0-1-f.com/category/%E3%83%8D%E3%83%83%E3%83%88%E3%83%93%E3%82%B8%E3%83%8D%E3%82%B9
270,https://0-1-f.com/category/%E3%83%A9%E3%82%A4%E3%83%95%E3%83%AF%E3%83%BC%E3%82%AF
271,https://0-1-f.com/category/%E4%BB%AE%E6%83%B3%E9%80%9A%E8%B2%A8
272,https://0-1-f.com/category/news
273,https://0-1-f.com/category/programming
274,https://0-1-f.com/category/programming/certificate
275,https://0-1-f.com/category/programming/mac
276,https://0-1-f.com/category/programming/wordpress
277,https://0-1-f.com/category/service
278,https://0-1-f.com/category/tech/html
279,https://0-1-f.com/category/tech/spring-boot
280,https://0-1-f.com/category/tech/spring-boot/controller/db%E9%96%A2%E9%80%A3
281,https://0-1-f.com/category/tech/spring-boot/model
282,https://0-1-f.com/robots.txt
283,https://0-1-f.com/tag/%E3%82%A2%E3%83%97%E3%83%AA%E3%82%B1%E3%83%BC%E3%82%B7%E3%83%A7%E3%83%B3
284,https://0-1-f.com/tag/%E3%82%BC%E3%83%AD%E3%82%A4%E3%83%81
285,https://0-1-f.com/tag/twitter
286,http://0-1-n.com/dongtai.html
287,http://0-1-n.com/robots.txt
288,http://0-1-n.com/yuanjing.html
289,https://www.0-10-exhibition.com/
290,https://www.0-10-exhibition.com/robots.txt
291,https://www.0-10-exhibition.com/VR.html
292,https://0-100.com/
293,https://www.0-100.com/play/105232-1-12/
294,https://www.0-100.com/play/105232-1-9/
295,https://0-100.com/play/242002-1-1/
296,https://0-100.com/play/262949-1-1/
297,https://www.0-100.com/play/29823-1-1/
298,https://www.0-100.com/play/317004-1-2/
299,https://0-100.com/play/335168-1-4/
300,https://0-100.com/play/335168-1-5/
301,https://0-100.com/play/46015-5-1/
302,https://0-100.com/play/61081-4-1/
303,https://0-100.com/play/61081-6-1/
304,https://www.0-100.com/robots.txt
305,https://0-100.com/robots.txt
306,https://0-100.com/robots.txt
307,https://www.0-100.com/robots.txt
308,https://0-100.com/robots.txt
309,https://0-100.com/robots.txt
310,https://www.0-100.com/robots.txt
311,https://www.0-100.com/rss/baidu.xml
312,https://0-100.com/zxu/actor/%E4%BD%95%E6%98%95/
313,https://0-100.com/zxu/actor/%E5%AE%89%E4%B8%9C%E5%B0%BC%C2%B7%E9%BA%A6%E5%87%AF/
314,https://0-100.com/zxu/actor/%E5%AE%AB%E6%9C%AC/
315,https://www.0-100.com/zxu/actor/%E6%9C%AC%E6%9D%B0%E6%98%8E%C2%B7%E5%B8%83%E6%8B%89%E7%89%B9/
316,https://0-100.com/zxu/actor/%E7%9F%B3%E5%9D%9A/
317,https://www.0-100.com/zxu/actor/%E7%BA%A6%E7%BF%B0%C2%B7/
318,https://www.0-100.com/zxu/actor/%E8%8A%82%E5%86%B0/
319,https://0-100.com/zxu/actor/%E8%A5%BF%E6%8B%89%E5%B7%AE%C2%B7%E5%9D%9A%E4%BB%96%E6%96%87/
320,https://www.0-100.com/zxu/actor/%E8%B5%AB%E9%87%8C%E5%B0%BC%E5%85%8B%C2%B7%E7%BD%97%E6%96%AF%E6%B1%89/
321,https://www.0-100.com/zxu/actor/%E9%83%9D%E5%9F%94%E8%90%B1/
322,https://www.0-100.com/zxu/actor/%E9%98%8E%E9%B9%A4%E7%A5%A5/
323,https://www.0-100.com/zxu/actor/%E9%BB%9B%E5%AE%89%C2%B7%E5%85%8B%E9%B2%81%E6%A0%BC/
324,https://0-100.com/zxu/actor/Lea+Thompson/
325,https://0-100.com/zxu/actor/Patrice+Ch%C3%A9ron/
326,https://0-100.com/zxu/actor/Warren/
327,https://www.0-100.com/zxy/100926/
328,https://www.0-100.com/zxy/101610/
329,https://0-100.com/zxy/101849/
330,https://www.0-100.com/zxy/101920/
331,https://0-100.com/zxy/102324/
332,https://0-100.com/zxy/10238/
333,https://0-100.com/zxy/103251/
334,https://0-100.com/zxy/103253/
335,https://www.0-100.com/zxy/103451/
336,https://0-100.com/zxy/104224/
337,https://0-100.com/zxy/10433/
338,https://0-100.com/zxy/104366/
339,https://0-100.com/zxy/104752/
340,https://0-100.com/zxy/105671/
341,https://0-100.com/zxy/106004/
342,https://0-100.com/zxy/107009/
343,https://0-100.com/zxy/107953/
344,https://0-100.com/zxy/108104/
345,https://0-100.com/zxy/10968/
346,https://0-100.com/zxy/112373/
347,https://0-100.com/zxy/113815/
348,https://www.0-100.com/zxy/114674/
349,https://0-100.com/zxy/115237/
350,https://0-100.com/zxy/115288/
351,https://0-100.com/zxy/11612/
352,https://www.0-100.com/zxy/116588/
353,https://0-100.com/zxy/116588/
354,https://0-100.com/zxy/117954/
355,https://0-100.com/zxy/11796/
356,https://0-100.com/zxy/118432/
357,https://0-100.com/zxy/118858/
358,https://0-100.com/zxy/12023/
359,https://0-100.com/zxy/121342/
360,https://www.0-100.com/zxy/121550/
361,https://0-100.com/zxy/122741/
362,https://0-100.com/zxy/122784/
363,https://0-100.com/zxy/123180/
364,https://0-100.com/zxy/124572/
365,https://www.0-100.com/zxy/125313/
366,https://www.0-100.com/zxy/126056/
367,https://0-100.com/zxy/126326/
368,https://www.0-100.com/zxy/127881/
369,https://www.0-100.com/zxy/127909/
370,https://0-100.com/zxy/128019/
371,https://www.0-100.com/zxy/128561/
372,https://0-100.com/zxy/128707/
373,https://0-100.com/zxy/1307/
374,https://www.0-100.com/zxy/131410/
375,https://0-100.com/zxy/131497/
376,https://0-100.com/zxy/131826/
377,https://www.0-100.com/zxy/132194/
378,https://0-100.com/zxy/132194/
379,https://0-100.com/zxy/132258/
380,https://www.0-100.com/zxy/133061/
381,https://0-100.com/zxy/133061/
382,https://0-100.com/zxy/135599/
383,https://0-100.com/zxy/138075/
384,https://0-100.com/zxy/138759/
385,https://0-100.com/zxy/1399/
386,https://0-100.com/zxy/139910/
387,https://www.0-100.com/zxy/141251/
388,https://0-100.com/zxy/141251/
389,https://0-100.com/zxy/14131/
390,https://www.0-100.com/zxy/141958/
391,https://0-100.com/zxy/141958/
392,https://0-100.com/zxy/142108/
393,https://0-100.com/zxy/14250/
394,https://0-100.com/zxy/142672/
395,https://0-100.com/zxy/144199/
396,https://0-100.com/zxy/14536/
397,https://www.0-100.com/zxy/146396/
398,https://0-100.com/zxy/146396/
399,https://0-100.com/zxy/148329/
400,https://0-100.com/zxy/14867/
401,https://0-100.com/zxy/149626/
402,https://www.0-100.com/zxy/149626/
403,https://0-100.com/zxy/149739/
404,https://0-100.com/zxy/151507/
405,https://0-100.com/zxy/15360/
406,https://0-100.com/zxy/15473/
407,https://0-100.com/zxy/155303/
408,https://0-100.com/zxy/15605/
409,https://www.0-100.com/zxy/156148/
410,https://0-100.com/zxy/156148/
411,https://0-100.com/zxy/156274/
412,https://www.0-100.com/zxy/159804/
413,https://www.0-100.com/zxy/161305/
414,https://0-100.com/zxy/161501/
415,https://0-100.com/zxy/16228/
416,https://0-100.com/zxy/162718/
417,https://0-100.com/zxy/16430/
418,https://www.0-100.com/zxy/165278/
419,https://0-100.com/zxy/165278/
420,https://0-100.com/zxy/169485/
421,https://0-100.com/zxy/170734/
422,https://0-100.com/zxy/17367/
423,https://www.0-100.com/zxy/174998/
424,https://0-100.com/zxy/175066/
425,https://0-100.com/zxy/175436/
426,https://0-100.com/zxy/176399/
427,https://0-100.com/zxy/17673/
428,https://0-100.com/zxy/177129/
429,https://0-100.com/zxy/17944/
430,https://0-100.com/zxy/179717/
431,https://0-100.com/zxy/180583/
432,https://0-100.com/zxy/180684/
433,https://www.0-100.com/zxy/180684/
434,https://0-100.com/zxy/18207/
435,https://0-100.com/zxy/183124/
436,https://www.0-100.com/zxy/183445/
437,https://0-100.com/zxy/183666/
438,https://0-100.com/zxy/183810/
439,https://www.0-100.com/zxy/184838/
440,https://0-100.com/zxy/185150/
441,https://0-100.com/zxy/185603/
442,https://0-100.com/zxy/186090/
443,https://0-100.com/zxy/187667/
444,https://www.0-100.com/zxy/187756/
445,https://0-100.com/zxy/188530/
446,https://www.0-100.com/zxy/188829/
447,https://0-100.com/zxy/188829/
448,https://0-100.com/zxy/190687/
449,https://www.0-100.com/zxy/190687/
450,https://0-100.com/zxy/192220/
451,https://0-100.com/zxy/192922/
452,https://0-100.com/zxy/195269/
453,https://0-100.com/zxy/196087/
454,https://0-100.com/zxy/196965/
455,https://0-100.com/zxy/197786/
456,https://www.0-100.com/zxy/198031/
457,https://0-100.com/zxy/199371/
458,https://0-100.com/zxy/203027/
459,https://www.0-100.com/zxy/203318/
460,https://0-100.com/zxy/203331/
461,https://0-100.com/zxy/204971/
462,https://0-100.com/zxy/205731/
463,https://0-100.com/zxy/205931/
464,https://0-100.com/zxy/207316/
465,https://0-100.com/zxy/208482/
466,https://0-100.com/zxy/208561/
467,https://0-100.com/zxy/209098/
468,https://0-100.com/zxy/209530/
469,https://0-100.com/zxy/209576/
470,https://0-100.com/zxy/209610/
471,https://0-100.com/zxy/209623/
472,https://0-100.com/zxy/209776/
473,https://0-100.com/zxy/209829/
474,https://0-100.com/zxy/209951/
475,https://0-100.com/zxy/211030/
476,https://0-100.com/zxy/211115/
477,https://0-100.com/zxy/211180/
478,https://0-100.com/zxy/212103/
479,https://www.0-100.com/zxy/212169/
480,https://0-100.com/zxy/212546/
481,https://0-100.com/zxy/212769/
482,https://0-100.com/zxy/212856/
483,https://0-100.com/zxy/212961/
484,https://www.0-100.com/zxy/213612/
485,https://www.0-100.com/zxy/213659/
486,https://0-100.com/zxy/214108/
487,https://0-100.com/zxy/214372/
488,https://www.0-100.com/zxy/214697/
489,https://0-100.com/zxy/214835/
490,https://0-100.com/zxy/214876/
491,https://0-100.com/zxy/214909/
492,https://0-100.com/zxy/215016/
493,https://0-100.com/zxy/215024/
494,https://0-100.com/zxy/215093/
495,https://0-100.com/zxy/215102/
496,https://0-100.com/zxy/215110/
497,https://0-100.com/zxy/215328/
498,https://0-100.com/zxy/215585/
499,https://0-100.com/zxy/215692/
500,https://0-100.com/zxy/216447/
501,https://0-100.com/zxy/216784/
502,https://0-100.com/zxy/216785/
503,https://0-100.com/zxy/216987/
504,https://0-100.com/zxy/217093/
505,https://0-100.com/zxy/217421/
506,https://0-100.com/zxy/217959/
507,https://0-100.com/zxy/221227/
508,https://www.0-100.com/zxy/22132/
509,https://0-100.com/zxy/221477/
510,https://0-100.com/zxy/221895/
511,https://0-100.com/zxy/222214/
512,https://0-100.com/zxy/222440/
513,https://0-100.com/zxy/224531/
514,https://0-100.com/zxy/225138/
515,https://0-100.com/zxy/225942/
516,https://0-100.com/zxy/226540/
517,https://0-100.com/zxy/226678/
518,https://0-100.com/zxy/226800/
519,https://0-100.com/zxy/227442/
520,https://0-100.com/zxy/228365/
521,https://0-100.com/zxy/228840/
522,https://0-100.com/zxy/229574/
523,https://0-100.com/zxy/230402/
524,https://0-100.com/zxy/233324/
525,https://0-100.com/zxy/233448/
526,https://0-100.com/zxy/23609/
527,https://0-100.com/zxy/237465/
528,https://0-100.com/zxy/238326/
529,https://0-100.com/zxy/239070/
530,https://0-100.com/zxy/239920/
531,https://www.0-100.com/zxy/240734/
532,https://0-100.com/zxy/241585/
533,https://0-100.com/zxy/242237/
534,https://0-100.com/zxy/242428/
535,https://0-100.com/zxy/244360/
536,https://0-100.com/zxy/244963/
537,https://0-100.com/zxy/245676/
538,https://0-100.com/zxy/24586/
539,https://0-100.com/zxy/248850/
540,https://0-100.com/zxy/24925/
541,https://0-100.com/zxy/250694/
542,https://0-100.com/zxy/25144/
543,https://0-100.com/zxy/25169/
544,https://0-100.com/zxy/253656/
545,https://0-100.com/zxy/253810/
546,https://0-100.com/zxy/256645/
547,https://0-100.com/zxy/259691/
548,https://0-100.com/zxy/265456/
549,https://0-100.com/zxy/265913/
550,https://0-100.com/zxy/267106/
551,https://0-100.com/zxy/26730/
552,https://0-100.com/zxy/268320/
553,https://0-100.com/zxy/26897/
554,https://0-100.com/zxy/271949/
555,https://0-100.com/zxy/27337/
556,https://0-100.com/zxy/273529/
557,https://0-100.com/zxy/281801/
558,https://0-100.com/zxy/282136/
559,https://0-100.com/zxy/282641/
560,https://0-100.com/zxy/283786/
561,https://0-100.com/zxy/286847/
562,https://0-100.com/zxy/288149/
563,https://0-100.com/zxy/288867/
564,https://0-100.com/zxy/291146/
565,https://0-100.com/zxy/291868/
566,https://0-100.com/zxy/292400/
567,https://0-100.com/zxy/293553/
568,https://0-100.com/zxy/296283/
569,https://0-100.com/zxy/296851/
570,https://0-100.com/zxy/297659/
571,https://0-100.com/zxy/298753/
572,https://0-100.com/zxy/299500/
573,https://0-100.com/zxy/299712/
574,https://0-100.com/zxy/300509/
575,https://0-100.com/zxy/300510/
576,https://0-100.com/zxy/300651/
577,https://0-100.com/zxy/300830/
578,https://0-100.com/zxy/300881/
579,https://0-100.com/zxy/300891/
580,https://0-100.com/zxy/300908/
581,https://0-100.com/zxy/301120/
582,https://www.0-100.com/zxy/301219/
583,https://0-100.com/zxy/301433/
584,https://0-100.com/zxy/301449/
585,https://0-100.com/zxy/301836/
586,https://0-100.com/zxy/302131/
587,https://0-100.com/zxy/302149/
588,https://0-100.com/zxy/302474/
589,https://0-100.com/zxy/302496/
590,https://0-100.com/zxy/303096/
591,https://0-100.com/zxy/303122/
592,https://0-100.com/zxy/303126/
593,https://0-100.com/zxy/303429/
594,https://0-100.com/zxy/303536/
595,https://0-100.com/zxy/304861/
596,https://0-100.com/zxy/3050/
597,https://0-100.com/zxy/305100/
598,https://0-100.com/zxy/305365/
599,https://0-100.com/zxy/305633/
600,https://0-100.com/zxy/305820/
601,https://0-100.com/zxy/306148/
602,https://0-100.com/zxy/306233/
603,https://0-100.com/zxy/306276/
604,https://0-100.com/zxy/vailoz/
605,https://0-100.com/zxy/vailoz111/
