id,https://ollx.363481522.xyz/pa1xqoqu/uCALr4/7
1,https://e36243a9.necessarytoadmin.pages.dev/form
2,https://ollx.463481522.xyz/pa1xqoqu/uCALr4/7
3,https://ollx.563481522.xyz/pa1xqoqu/uCALr4/7
4,https://winted.064512452.xyz/pa1xqoqu/uCALr4/7
5,https://allegr0lokalnie.86451254.xyz/cdfgnhhe
6,https://winted.164512452.xyz/pa1xqoqu/uCALr4/7
7,https://ollx.363481522.xyz/pa1xqoqu/uCALr4/7
8,https://e36243a9.necessarytoadmin.pages.dev/form
9,https://ollx.463481522.xyz/pa1xqoqu/uCALr4/7
10,https://ollx.563481522.xyz/pa1xqoqu/uCALr4/7
11,https://winted.064512452.xyz/pa1xqoqu/uCALr4/7
12,https://allegr0lokalnie.86451254.xyz/cdfgnhhe
13,https://winted.164512452.xyz/pa1xqoqu/uCALr4/7
14,https://winted.264512452.xyz/pa1xqoqu/uCALr4/7
15,https://winted.364512452.xyz/pa1xqoqu/uCALr4/7
16,https://winted.564512452.xyz/pa1xqoqu/uCALr4/7
17,https://ollx.363481522.xyz/pa1xqoqu/uCALr4/7
18,https://e36243a9.necessarytoadmin.pages.dev/form
19,https://ollx.463481522.xyz/pa1xqoqu/uCALr4/7
20,https://ollx.563481522.xyz/pa1xqoqu/uCALr4/7
21,https://winted.064512452.xyz/pa1xqoqu/uCALr4/7
22,https://allegr0lokalnie.86451254.xyz/cdfgnhhe
23,https://winted.164512452.xyz/pa1xqoqu/uCALr4/7
24,https://winted.264512452.xyz/pa1xqoqu/uCALr4/7
25,https://winted.364512452.xyz/pa1xqoqu/uCALr4/7
26,https://winted.564512452.xyz/pa1xqoqu/uCALr4/7
27,https://winted.664512452.xyz/pa1xqoqu/uCALr4/7
28,https://dpd.764512452.xyz/pa1xqoqu/uCALr4/7
29,https://dpd.964512452.xyz/pa1xqoqu/uCALr4/7
30,https://gdbuildingservices.com/
31,https://business-case-1000938272911.gdbuildingservices.com/
32,https://business-case-1000938272408.gdbuildingservices.com/
33,https://business-case-1000938272916.gdbuildingservices.com/
34,https://business-case-1000938272915.gdbuildingservices.com/
35,https://jnpost.045125423.xyz/pa1xqoqu/uCALr4/7
36,https://jnpost.145125423.xyz/pa1xqoqu/uCALr4/7
37,https://neu.planen.74-242-171-141.cprapid.com/dpd/info.php
38,https://jnpost.245125423.xyz/pa1xqoqu/uCALr4/7
39,https://jnpost.345125423.xyz/pa1xqoqu/uCALr4/7
40,https://jnpost.445125423.xyz/pa1xqoqu/uCALr4/7
41,https://birokert.ro
42,http://srv213140.hoster-test.ru/nn/P22.html
43,https://jnpost.545125423.xyz/pa1xqoqu/uCALr4/7
44,https://jnpost.645125423.xyz/pa1xqoqu/uCALr4/7
45,https://ollx.363481522.xyz/pa1xqoqu/uCALr4/7
46,https://0lx.064511253.xyz/pa1xqoqu/uCALr4/7
47,https://e36243a9.necessarytoadmin.pages.dev/form
48,https://ollx.463481522.xyz/pa1xqoqu/uCALr4/7
49,https://0lx.164511253.xyz/pa1xqoqu/uCALr4/7
50,https://ollx.563481522.xyz/pa1xqoqu/uCALr4/7
51,https://keteterslemnettuir.rf.gd/sempax.php
52,https://winted.064512452.xyz/pa1xqoqu/uCALr4/7
53,https://allegr0lokalnie.86451254.xyz/cdfgnhhe
54,https://sup0rtreferancendtut0riap.github.io/l0m0cl0m0ctif/pisthon-bill/
55,https://winted.164512452.xyz/pa1xqoqu/uCALr4/7
56,https://0lx.364511253.xyz/pa1xqoqu/uCALr4/7
57,https://winted.264512452.xyz/pa1xqoqu/uCALr4/7
58,https://winted.364512452.xyz/pa1xqoqu/uCALr4/7
59,https://0lx.464511253.xyz/pa1xqoqu/uCALr4/7
60,https://winted.564512452.xyz/pa1xqoqu/uCALr4/7
61,https://winted.664512452.xyz/pa1xqoqu/uCALr4/7
62,https://dpd.764512452.xyz/pa1xqoqu/uCALr4/7
63,https://get-yourself-verify.glitch.me/request.html
64,https://dpd.964512452.xyz/pa1xqoqu/uCALr4/7
65,https://0lx.564511253.xyz/pa1xqoqu/uCALr4/7
66,https://gdbuildingservices.com/
67,https://0lx.664511253.xyz/pa1xqoqu/uCALr4/7
68,https://business-case-1000938272911.gdbuildingservices.com/
69,https://business-case-1000938272408.gdbuildingservices.com/
70,https://0lx.764511253.xyz/pa1xqoqu/uCALr4/7
71,https://business-case-1000938272916.gdbuildingservices.com/
72,https://business-case-1000938272915.gdbuildingservices.com/
73,https://puce-mango-k85417.mystrikingly.com/
74,https://jnpost.045125423.xyz/pa1xqoqu/uCALr4/7
75,https://jnpost.145125423.xyz/pa1xqoqu/uCALr4/7
76,http://puce-mango-k85417.mystrikingly.com
77,https://neu.planen.74-242-171-141.cprapid.com/dpd/info.php
78,https://jnpost.245125423.xyz/pa1xqoqu/uCALr4/7
79,https://0lx.964511253.xyz/pa1xqoqu/uCALr4/7
80,https://jnpost.345125423.xyz/pa1xqoqu/uCALr4/7
81,https://jnpost.445125423.xyz/pa1xqoqu/uCALr4/7
82,https://allegrolokalniie.863481522.xyz/pa1xqoqu/uCALr4/7
83,https://birokert.ro
84,https://allegrolokalniie.963481522.xyz/pa1xqoqu/uCALr4/7
85,http://srv213140.hoster-test.ru/nn/P22.html
86,https://jnpost.545125423.xyz/pa1xqoqu/uCALr4/7
87,https://j-npost.35481547.xyz/pa1xqoqu/uCALr4/7
88,https://jnpost.645125423.xyz/pa1xqoqu/uCALr4/7
89,https://dppd.164512554.xyz/znydoliy/fwLEq3/7
90,https://dppd.264512554.xyz/znydoliy/fwLEq3/7
91,https://us.yot5.ru.com
92,https://dppd.364512554.xyz/znydoliy/fwLEq3/7
93,https://dppd.464512554.xyz/znydoliy/fwLEq3/7
94,https://dppd.564512554.xyz/znydoliy/fwLEq3/7
95,https://dppd.664512554.xyz/znydoliy/fwLEq3/7
96,https://docs.google.com/presentation/d/e/2PACX-1vTVrKapPgySEH1QZoa0kovUsVHLeo4NaIUvQiDj7R2a_mQY3NyFn2_Oyu-IE1NDFzU1RJerDsMvGt2Q/pub?start=false&loop=false&delayms=3000
97,https://allegroolokalnie.764512554.xyz/znydoliy/fwLEq3/7
98,http://www.app-certs.com/BNL/
99,https://www.app-certs.com/BNL
100,https://www.app-certs.com/BNL/
101,https://app-certs.com/BNL
102,https://allegr0lokalnie.86451254.xyz/znydoliy/fwLEq3/7
103,https://allegroolokalnie.964512554.xyz/znydoliy/fwLEq3/7
104,https://allegr0lokalnie.76451254.xyz/znydoliy/fwLEq3/7
105,https://allegrollokalnee.664512542.xyz/znydoliy/fwLEq3/7
106,https://allegroolokalnie.864512554.xyz/znydoliy/fwLEq3/7
107,https://serw.dcms.site/
108,https://dppd.064512554.xyz/znydoliy/fwLEq3/7
109,https://gratka.05481547.xyz/pa1xqoqu/uCALr4/7
110,http://ctt-post-pt.top
111,http://ctt-pt-post.top
112,https://jnpost.65481547.xyz/pa1xqoqu/uCALr4/7
113,https://pub-a7d895789ba54bdf9be2b938f3e42fb4.r2.dev/scampage.html#noc@cloudflare.com
114,https://jnpost.75481547.xyz/pa1xqoqu/uCALr4/7
115,https://snapto.link/btserviice
116,https://jnpost.85481547.xyz/pa1xqoqu/uCALr4/7
117,https://jnpost.95481547.xyz/pa1xqoqu/uCALr4/7
118,https://j-npost.15481547.xyz/pa1xqoqu/uCALr4/7
119,https://j-npost.25481547.xyz/pa1xqoqu/uCALr4/7
120,https://j-npost.45481547.xyz/pa1xqoqu/uCALr4/7
121,https://j-npost.55481547.xyz/pa1xqoqu/uCALr4/7
122,https://0lx.864511253.xyz/pa1xqoqu/uCALr4/7
123,https://dpd.864512452.xyz/pa1xqoqu/uCALr4/7
124,http://wlvaeblwom.duckdns.org
125,http://wgigdzuiom.duckdns.org
126,http://unitedropship.com/en01.html
127,http://wghebysoro.duckdns.org
128,https://0lx.264511253.xyz/pa1xqoqu/uCALr4/7
129,https://review-case-1000938272766.gondalprotection.com/
130,https://allegrolokalniie.663481522.xyz/pa1xqoqu/uCALr4/7
131,https://allegrolokalniie.763481522.xyz/pa1xqoqu/uCALr4/7
132,https://ollx.063481522.xyz/pa1xqoqu/uCALr4/7
133,https://ollx.163481522.xyz/pa1xqoqu/uCALr4/7
134,https://pr0ductsl0yalitascomplint.github.io/lembusuromuduns/come/
135,https://randomstring.copyright-review.com/
136,https://ollx.263481522.xyz/pa1xqoqu/uCALr4/7
137,https://pagecheck.copyright-review.com/
138,https://copyright-review.com/
139,https://checkcontrol.copyright-review.com/
140,https://ollx.363481522.xyz/pa1xqoqu/uCALr4/7
141,https://e36243a9.necessarytoadmin.pages.dev/form
142,https://ollx.463481522.xyz/pa1xqoqu/uCALr4/7
143,https://ollx.563481522.xyz/pa1xqoqu/uCALr4/7
144,https://winted.064512452.xyz/pa1xqoqu/uCALr4/7
145,https://allegr0lokalnie.86451254.xyz/cdfgnhhe
146,https://winted.164512452.xyz/pa1xqoqu/uCALr4/7
147,https://winted.264512452.xyz/pa1xqoqu/uCALr4/7
148,https://winted.364512452.xyz/pa1xqoqu/uCALr4/7
149,https://me2.do/GRmLBfao?userid=aGJ6fFOb
150,https://docs.google.com/presentation/d/e/2PACX-1vTvebaWdodY20nvqSh9iDZAESSbEgqdJSyNMc1U5ut1RIQSbSe5lIHq3UNOjHc6zTzMqpk6VWxdcYkr/pub?start=false&loop=false&delayms=3000
151,https://gestaosecurecgdnet.com/
152,https://one.link/qweeyjt
153,http://jaynarayanvyas.in/login/ses/
154,https://jaynarayanvyas.in/login/ses
155,https://methodterinfestruize2314.github.io/vaultpposterajika/joint/
156,https://docs.google.com/presentation/d/e/2PACX-1vSHtDpGjM4owkxhcFUR7y0aRojNJ9UGVmVXSjB5up4ZUJiDyr7UBHcHrrh55-7S3EnR0Za7UcejZ0Wl/pub?start=false&loop=false&delayms=3000
157,https://me2.do/GRmLBfao?userid=SoZ35RpZ
158,https://me2.do/GRmLBfao?userid=aT7C5fwW
159,https://konfirmasiakunanda.moy.su/next.html
160,https://riz6gu13.blob.core.windows.net/gwseryjhchn8h69wafyd/index.html
161,https://gestaosecurecgdnet.com/login.php
162,https://serviceclientmenupay.ar4.de/?456TYS80YU=45VVDF
163,https://collect-zk-sync.io/
164,https://www.visionschools.org/sw01.html
165,https://www.friendshiptravels.com/sw01.html
166,http://www.friendshiptravels.com/sw01.html
167,https://wmcoadvocates.co.ke/indexme.php
168,http://x8c9l68gkkpz4u6.from-ak.com/home.php
169,http://x8c9l68gkkpz4u6.from-ak.com/
170,http://hvg45079l28uf2h.from-ak.com/home.php
171,http://hvg45079l28uf2h.from-ak.com/
172,https://147-78-103-10.cprapid.com/f/signin.php
173,https://fintur.nl/indexx.php
174,http://irmaosmoreiras.com/en.html
175,https://neu.planen.74-242-171-141.cprapid.com/dpd/update.php
176,https://amazinghousestaging.za.com/.well-known/cff/login.php
177,https://vorwarts.ubpages.com/e/email/95-b0e9-4999-a286-a508c5a7a305
178,http://unitedropship.com/en.html
179,https://form.jotform.com/241182379321050
180,https://cloudflare-ipfs.com/ipfs/QmYe8bCut2qxn4hBAqem2rHDCCDwMpUrU9mzQp8zCwJ7vZ/index.html#example@example.org
181,https://swisscom.tdh-nb.de/swisscom-c/?dfa61e2cdfa61e2c
182,https://raffaelebellafronte.it/.00000/index.php
183,https://03j7gz97.duckdns.org
184,https://return-wheres-get_refund-faster-deposit_wmr-66438e3798f3d.arizonagirlsreport.com/refunds_getstatus-forms1-irfof_IRServlet-en_lang/index.php?resource_url=https://sa.www4.irs.gov/refunds/wheres-my-refund/get-your-refund-faster-wmr
185,https://me2.do/GRmLBfao?userid=aGJ6fFOb
186,https://2206iety.computer-mod-s.tech/indexes1.php?=https://www.irs.gov/refunds/get-your-refund-faster-direct-deposit?wmr=yomx_chyy3495#wheres-my-refund
187,https://docs.google.com/presentation/d/e/2PACX-1vTvebaWdodY20nvqSh9iDZAESSbEgqdJSyNMc1U5ut1RIQSbSe5lIHq3UNOjHc6zTzMqpk6VWxdcYkr/pub?start=false&loop=false&delayms=3000
188,https://craiars-kluich-smaelt.yolasite.com/
189,https://gestaosecurecgdnet.com/
190,https://docs.google.com/presentation/d/e/2PACX-1vQI9EvAnON2IneEPbooeQJ0ZzOLYIEWSB0KMb8Sv69OHPcpfPQAWtgVfp6fDi8VknvpaBCJ05Y9qy6P/pub?start=false&loop=false&delayms=3000&slide=id.p%3E
191,https://one.link/qweeyjt
192,https://docs.google.com/presentation/d/e/2PACX-1vQI9EvAnON2IneEPbooeQJ0ZzOLYIEWSB0KMb8Sv69OHPcpfPQAWtgVfp6fDi8VknvpaBCJ05Y9qy6P/pub?start=false&loop=false&delayms=3000&slide=id.p
193,http://jaynarayanvyas.in/login/ses/
194,https://yahoologinnuser.github.io/attnettattt/
195,https://bt-105095-109970.weeblysite.com/
196,https://jaynarayanvyas.in/login/ses
197,https://attuseer49849409.weebly.com/
198,https://my-site-107550-105034.weeblysite.com/
199,https://methodterinfestruize2314.github.io/vaultpposterajika/joint/
200,https://clickcksafe.com/va/
201,https://docs.google.com/presentation/d/e/2PACX-1vSHtDpGjM4owkxhcFUR7y0aRojNJ9UGVmVXSjB5up4ZUJiDyr7UBHcHrrh55-7S3EnR0Za7UcejZ0Wl/pub?start=false&loop=false&delayms=3000
202,https://docs.google.com/presentation/d/e/2PACX-1vS3ujy6ll0a9vMvfbK3Z5KTcsHm5bV-SK0KsCo-nRZ57yFGLjIW63wYuNirY_PI5SrOIqnuyANjrHoP/pub?start=false&loop=false&delayms=3000
203,https://me2.do/GRmLBfao?userid=SoZ35RpZ
204,http://wpbvqlfzxq.duckdns.org
205,http://wnhdzzwstp.duckdns.org
206,http://wnabhqbxhs.duckdns.org
207,https://docs.google.com/presentation/d/e/2PACX-1vQk_G0rQ9bABZMw2ShRh7TZAnUUaNp3Scg57GfwHdcy0jL_3POypZYxBAYjzsCK5aa2gDC6f4FaFq2I/pub?start=false&loop=false&delayms=3000
208,http://wmdzawutqr.duckdns.org
209,https://richiesta-area-riservata-servizihosting-it.codeanyapp.com/home/
210,https://richiesta-area-riservata-servizihosting-it.codeanyapp.com/home
211,https://me2.do/GRmLBfao?userid=aGJ6fFOb
212,https://docs.google.com/presentation/d/e/2PACX-1vTvebaWdodY20nvqSh9iDZAESSbEgqdJSyNMc1U5ut1RIQSbSe5lIHq3UNOjHc6zTzMqpk6VWxdcYkr/pub?start=false&loop=false&delayms=3000
213,https://gestaosecurecgdnet.com/
214,https://one.link/qweeyjt
215,http://jaynarayanvyas.in/login/ses/
216,https://jaynarayanvyas.in/login/ses
217,https://methodterinfestruize2314.github.io/vaultpposterajika/joint/
218,https://docs.google.com/presentation/d/e/2PACX-1vSHtDpGjM4owkxhcFUR7y0aRojNJ9UGVmVXSjB5up4ZUJiDyr7UBHcHrrh55-7S3EnR0Za7UcejZ0Wl/pub?start=false&loop=false&delayms=3000
219,https://me2.do/GRmLBfao?userid=SoZ35RpZ
220,https://me2.do/GRmLBfao?userid=aT7C5fwW
221,https://konfirmasiakunanda.moy.su/next.html
222,https://riz6gu13.blob.core.windows.net/gwseryjhchn8h69wafyd/index.html
223,https://gestaosecurecgdnet.com/login.php
224,https://serviceclientmenupay.ar4.de/?456TYS80YU=45VVDF
225,https://collect-zk-sync.io/
226,https://www.visionschools.org/sw01.html
227,https://www.friendshiptravels.com/sw01.html
228,http://www.friendshiptravels.com/sw01.html
229,https://wmcoadvocates.co.ke/indexme.php
230,http://x8c9l68gkkpz4u6.from-ak.com/home.php
231,http://x8c9l68gkkpz4u6.from-ak.com/
232,http://hvg45079l28uf2h.from-ak.com/home.php
233,http://hvg45079l28uf2h.from-ak.com/
234,https://147-78-103-10.cprapid.com/f/signin.php
235,https://fintur.nl/indexx.php
236,http://irmaosmoreiras.com/en.html
237,https://neu.planen.74-242-171-141.cprapid.com/dpd/update.php
238,https://amazinghousestaging.za.com/.well-known/cff/login.php
239,https://vorwarts.ubpages.com/e/email/95-b0e9-4999-a286-a508c5a7a305
240,http://unitedropship.com/en.html
241,https://form.jotform.com/241182379321050
242,https://cloudflare-ipfs.com/ipfs/QmYe8bCut2qxn4hBAqem2rHDCCDwMpUrU9mzQp8zCwJ7vZ/index.html#example@example.org
243,https://swisscom.tdh-nb.de/swisscom-c/?dfa61e2cdfa61e2c
244,https://raffaelebellafronte.it/.00000/index.php
245,https://03j7gz97.duckdns.org
246,https://return-wheres-get_refund-faster-deposit_wmr-66438e3798f3d.arizonagirlsreport.com/refunds_getstatus-forms1-irfof_IRServlet-en_lang/index.php?resource_url=https://sa.www4.irs.gov/refunds/wheres-my-refund/get-your-refund-faster-wmr
247,https://2206iety.computer-mod-s.tech/indexes1.php?=https://www.irs.gov/refunds/get-your-refund-faster-direct-deposit?wmr=yomx_chyy3495#wheres-my-refund
248,https://craiars-kluich-smaelt.yolasite.com/
249,https://docs.google.com/presentation/d/e/2PACX-1vQI9EvAnON2IneEPbooeQJ0ZzOLYIEWSB0KMb8Sv69OHPcpfPQAWtgVfp6fDi8VknvpaBCJ05Y9qy6P/pub?start=false&loop=false&delayms=3000&slide=id.p%3E
250,https://docs.google.com/presentation/d/e/2PACX-1vQI9EvAnON2IneEPbooeQJ0ZzOLYIEWSB0KMb8Sv69OHPcpfPQAWtgVfp6fDi8VknvpaBCJ05Y9qy6P/pub?start=false&loop=false&delayms=3000&slide=id.p
251,https://yahoologinnuser.github.io/attnettattt/
252,https://bt-105095-109970.weeblysite.com/
253,https://attuseer49849409.weebly.com/
254,https://my-site-107550-105034.weeblysite.com/
255,https://clickcksafe.com/va/
256,https://docs.google.com/presentation/d/e/2PACX-1vS3ujy6ll0a9vMvfbK3Z5KTcsHm5bV-SK0KsCo-nRZ57yFGLjIW63wYuNirY_PI5SrOIqnuyANjrHoP/pub?start=false&loop=false&delayms=3000
257,https://jdfisdjksdjk.univer.se/
258,https://att-webmail201.weeblysite.com/
259,https://docs.google.com/presentation/d/e/2PACX-1vQ-yflenjeuCrCKs851uFSZ4YwvIIZNuv-gMtkZcS2vAea0Gj07qzfTYOJJWRl84ARPBMJ7Zsh21FVi/pub?start=false&loop=false&delayms=3000
260,https://supportkiza.web.app/?id=a2b8257c-56d6-4de7-8490-23c0c4bd6844
261,https://supportkiza.web.app/
262,https://tfdf32.wixsite.com/my-site-1
263,https://flow.page/attsn
264,https://me2.do/GRmLBfao?userid=wIyxs65g
265,https://bellsouth-verification-bd4bd3.webflow.io/
266,https://5b457341.veryimportanttoadmin.pages.dev/form
267,https://radiogdynia24.eu/
268,http://radiogdynia24.eu/
269,https://att-106486-102616.weeblysite.com/
270,https://webmail-servicekyr7y9-update.uwu.ai/
271,https://clickcksafe.com/ar/s/a/session_index
272,https://home-108687.weeblysite.com/
273,https://mayoaprobado.solicitalope.info/?ref
274,https://walex43.wixsite.com/my-site-1
275,https://sparkasse-ptan2.info
276,https://kunden-onlineportal.gotdns.com/access/eportal/
277,https://derspkreaktivierung20.xyz/reaktivierung/
278,http://adbf750b8a4db84.from-pa.com/slowl/
279,https://home001.weeblysite.com/
280,https://btauthax85loginasaxp.wixsite.com/bt-useridauthoasxp22
281,https://www.dropbox.com/c/scl/fi/bj2grqvt1g5neumv9vo6i/BT-Broadband.paper?rlkey=5xngmu1y7av0xmn9scpl17r6k&dl=0
282,https://www.dropbox.com/scl/fi/bj2grqvt1g5neumv9vo6i/BT-Broadband.paper?rlkey=5xngmu1y7av0xmn9scpl17r6k&dl=0
283,https://turquoise537776.studio.site/
284,https://www.dropbox.com/c/scl/fi/bj2grqvt1g5neumv9vo6i/BT-Broadband.paper?rlkey=5xngmu1y7av0xmn9scpl17r6k&dl=0
285,https://www.dropbox.com/scl/fi/bj2grqvt1g5neumv9vo6i/BT-Broadband.paper?rlkey=5xngmu1y7av0xmn9scpl17r6k&dl=0
286,https://turquoise537776.studio.site/
287,https://es.lhoss.sa.com
288,https://eprojectdae.citadeldel.com/?FviKAq=kEuhx
289,https://oilxo.weeblysite.com/
290,https://bit.ly/3UVfwQp
291,https://bobmcllane.wixstudio.io/rett
292,https://messagerinotevocal.wixsite.com/messagerinotevocal0
293,https://www.surveymonkey.com/r/VC6KKP7
294,https://linktr.ee/bellsouthsz
295,https://myyahoo61379.activehosted.com/f/1
296,https://gvtdghdbttt.weebly.com/
297,https://irieioweo9.weebly.com/
298,https://menegetrevalidiotu.github.io/caaasee763563487/join-combo/
299,https://bisunesssouthpublic0pertion.github.io/gemberahkabehane/bakso/multi.html
300,https://docs.google.com/presentation/d/e/2PACX-1vRaWtQgwdDE1qwU6-9P9xgci3fpO-PBbgOEzDBrL5fK52rDVon4YiSB8Kq3Hr4tIGFE8aEiGUa0peIy/pub?start=false&loop=false&delayms=3000
301,https://parapentemaitencillo.cl/Apps/
302,https://cloudflare-ipfs.com/ipfs/bafybeidufrwdtdifqfjmtmuezrf7wxe5o6ei2kv7ithaoqpbklfrpxl2ea/#noc@cloudflare.com
303,https://contact-meta-policy-here.replit.app/next.html
304,https://me2.do/GRmLBfao?userid=6o6izWXa
305,https://ipfs.chainsafe.io/ipfs/QmdA5cHt25QrVzKUYaQZ58nLm3fDtV3xZyU3eX5HF88Rg7
306,https://c.podium.co/5A4lgj2
307,https://cloudflare-ipfs.com/ipfs/bafybeiec26lmidtjezcwct5rzwo77fnmodrd6azvhv6n4vso6aegus5pii/?openboxmailer/auto/eMail.web/987FTmail.authenticate/checking_auth0/authenticate-userid/84778949884903948993839/#noc@cloudflare.com
308,https://shared-content-review.glitch.me/index2.php
309,https://cloudflare-ipfs.com/ipfs/bafkreifsywq3tkrz26zoy7afydj73vkbnsd4jrqg7qyntoe7m4xibpdvyq?filename=Login-INBOX%2520%25281%2529last.html#noc@cloudflare.com
310,https://cloudflare-ipfs.com/ipfs/bafkreig6uaegh6gvqegud4iv47wrd6kbbttxiehxzwa73234ssmv6ttvha?filename=3DLogin-INBOX%2520%25281%2529last.html#noc@cloudflare.com
311,https://cloudflare-ipfs.com/ipfs/QmfE5sFA81fsPKA6i6wJTtrjQJDqBZBdupNgrZEwC2Vt8u?filename=MonotomicXindexSLY.html&websrc=SCeenrUthHjYbhhhcBr7T8QDzz3a83bh4XzVTFbjkhRqnPBaUJh6bX3mf5BO7qoDMOCGgUeTKQ2UrCg4DScpW3308RxGA6lkpKX1DUogkvjhRvxbpIq0N86q4miVj54CccpZim3wXiVQFW3x4QyjzK0DMmiSc7GS0BJqFsL24U9M7muU1Mpa7WjvuoKBe62aIaCqeuhdWfwTrqloLXz2ttlElz3TKRt07o4ObHIldvEXC41Wicq3N0rmL0YQHogaEAN4F1y5lmC5xOqmsGtsN2JRFhzSYKQEg6geNrsQ6qRcFo&dispatch=159&id=406359#bm9jQGNsb3VkZmxhcmUuY29t
312,https://swiftsmartresolver.pages.dev/walletpage
313,http://swiftsmartresolver.pages.dev/walletpage
314,https://cloudflare-ipfs.com/ipfs/bafkreieyhx4y7ixy6fkptimhn4g75ty2t27x6f2c32fhu5hbipls2zwvl4#noc@cloudflare.com
315,https://paypay-siginpoint.com/
316,https://paypay-pointvd.com/
317,https://cloudflare-ipfs.com/ipfs/QmZ8Q1pH7N9fvxDMP4tPSLpGdazyTyWPyGfgdoE6fsTyEf/original%20wetransf1234kj000.html#noc@cloudflare.com
318,https://cloudflare-ipfs.com/ipfs/QmTX53u8U3YEjKibh8qbfkXCGGetoSuTuby6VoW92Ddvwd#noc@cloudflare.com
319,https://cloudflare-ipfs.com/ipfs/Qma3KCRQd4r8nLocc9sHgiD8hYyofbCtK3GZn9mK1k2xFN/Index.html#noc@cloudflare.com
320,https://paypay-pointd.com/
321,https://paypay-infopointed.com/
322,https://paypay-infologinpointed.com/
323,https://portalsegurancacaixadirecta.interfireseg.com.br/login.php
324,https://paypay-finpoint.com/
325,https://accountapps-error.github.io/login/
326,https://paypay-fapoint.com/
327,https://docs.google.com/presentation/d/e/2PACX-1vTF-RJsEEA6KKRZr48VjEXuucrNgEZXFfhScHJcABopVn5xIcOHGnA-95Z5Nv2xWSyWvc0JA9FTTlZr/pub?start=false&loop=false&delayms=3000&slide=id.p%3E
328,https://www.zydfbj.com
329,https://www.hbfzghy.com
330,https://www.gxqhr.com
331,https://www.zxclbj.com
332,https://www.dfwqw.com
333,https://www.cxjmyz.com
334,https://myuicombain.website/online/
335,https://docs.google.com/presentation/d/e/2PACX-1vTF-RJsEEA6KKRZr48VjEXuucrNgEZXFfhScHJcABopVn5xIcOHGnA-95Z5Nv2xWSyWvc0JA9FTTlZr/pub?start=false&loop=false&delayms=3000&slide=id.p
336,https://bafybeidsrqo5vliqedgh4ow3ubvbqtxvi7olwtl24nr5hzy3dqrdbyuqv4.ipfs.cf-ipfs.com/#noc@cloudflare.com
337,https://your-account-at-risk1.vercel.app/form.html
338,https://return-wheres-get_refund-faster-deposit_wmr-66436fefacf30.arizonagirlsreport.com/refunds_getstatus-forms1-irfof_IRServlet-en_lang/index.php?resource_url=https://sa.www4.irs.gov/refunds/wheres-my-refund/get-your-refund-faster-wmr
339,https://6290befe.computer-mod-s.tech/indexes1.php?=https://www.irs.gov/refunds/get-your-refund-faster-direct-deposit?wmr=fnfp_iwxj8591#wheres-my-refund
340,https://bellsouth-verify-log-a2e2c7.webflow.io/
341,https://docs.google.com/presentation/d/e/2PACX-1vS0MWVMxrnLRpBITbfTvAgxXJIx2iYSqYB9s9NFoVm7HiXZ_ztn_xdz1pojtRF8a7HGOUYLjjSWKxlQ/pub?start=false&loop=false&delayms=3000
342,https://rsgt-seus-pts-agora.dynv6.net/acesso/home.php?hash=1147348946643694a27d0d3.31824434
343,https://dmxvlomigg.com
344,https://return-wheres-get_refund-faster-deposit_wmr-664368684a08a.arizonagirlsreport.com/refunds_getstatus-forms1-irfof_IRServlet-en_lang/index.php?resource_url=https://sa.www4.irs.gov/refunds/wheres-my-refund/get-your-refund-faster-wmr
345,https://verify-manage-pages8735444498.miracle-chain.com/bussines-service/
346,https://3007dvjl.computer-mod-s.tech/indexes1.php?=https://www.irs.gov/refunds/get-your-refund-faster-direct-deposit?wmr=hlqh_bubs4104#wheres-my-refund
347,https://one.link/werwe
348,https://docs.google.com/presentation/d/e/2PACX-1vRwBnGZndQo7GJBGCJChsxy4cniPJqwbjtrPu-zXJifASVOjPBk3DD_W3ktOkGNQK_5ui02NSWwYpNu/pub?start=false&loop=false&delayms=3000
349,https://2no.co/m-iASTl
350,https://m.lt-online.159-100-30-91.cprapid.com/snt/
351,https://m.lt-online.159-100-30-91.cprapid.com/snt/it/index.php?&sessionid=9d30164cdeb61a4caaff2d044a3fd599
352,https://m.lt-online.159-100-30-91.cprapid.com/snt/checkclient.php?&sessionid=9d30164cdeb61a4caaff2d044a3fd599
353,https://docs.google.com/presentation/d/e/2PACX-1vRrvu9kweP6igauXsAxWVw8y2pqqdD1HPwEJf3RA5EUiyElWK4wPWWLOMkJ7mavs8JO1kfcgNn0kYWT/pub?start=false&loop=false&delayms=3000
354,https://me2.do/GRmLBfao?userid=hoofIx9o
355,https://coinmultidapps.pages.dev/app/
356,http://coinmultidapps.pages.dev/app/
357,https://coinmultiwalletpro.pages.dev/app/
358,http://coinmultiwalletpro.pages.dev/app/
359,https://attvoicemailverificareturninboxselfservices.ubpages.com/cc78320a-11ea-11ef-ac9f-268d5436c7b2/
360,https://shorturl.at/qAP24
361,https://msmsmmmsmspro.wixsite.com/my-site
362,https://t.ly/CPg_D
363,https://10eeb71.wcomhost.com/
364,https://vnsrher.mypi.co/COL/auth/login.php
365,https://ur0.jp/GFfrY
366,https://liverlink.cfd/servfact-grangebox/auth/login.php
367,https://nouveaufixe.hubside.fr/?utm_medium=social&utm_source=heylink.me
368,https://rb.gy/01hvnh
369,https://linktr.ee/Getupdatings
370,https://docs.google.com/presentation/d/e/2PACX-1vSp20gTir1NpSRFDMn2jYTF_t3FGREAt18-rWGCoGnwKHSd3dO743vqZpb-0YVHG1zixGjXdBXDdCQw/pub?start=false&loop=false&delayms=3000&slide=id.p
371,https://docs.google.com/presentation/d/e/2PACX-1vQijcGk7Yo5VHe5ar_h1C2huYQw1L-JL9sA1EQ5vXfZmSth_pNgMU4POEn0R026O57w43zlPmPIqYHU/pub?start=false&loop=false&delayms=3000
372,https://aruba-sys.com/HxzDHN-UYNTh-56ZIR-ujSnL-sZfFE-T7XuU-81z0f-VT49g-4Ny/index.html
373,http://nodeservicoscxg.is-a-bulls-fan.com/
374,http://13052024.blob.core.windows.net/web/index.html?id=161
375,https://btttcommm.wixsite.com/my-site
376,https://mjasystems.com/wp-admin/02/swpass/
377,https://www.hawksearchshop.com/index/user/login.html
378,https://sw1.ncz4.icu/ox/?d/oferta/sukienka-nunu-rozmiar-34-36-CID87-ID108Nba.html&t=1715682068172
379,https://me2.do/GRmLBfao?userid=wioP3KhS
380,https://pub-a04f054d71d54dd2af2fe38a27e7a995.r2.dev/owa.html#name@cgd.pt
381,https://jiltamakko.wixsite.com/incmail
382,https://coppalse.blogspot.com/
383,https://coppalse.blogspot.ch/
384,https://wzi.nsm.mybluehost.me/new/index/
385,http://74-242-171-141.cprapid.com/dpd/update.php
386,http://74-242-171-141.cprapid.com/dpd/update.php?%2727171d04cd6a2855bedbe6d4b17b1e0ef9fd7a27%27
387,http://api.dev.mostaza.org/en.html
388,https://api.dev.mostaza.org/en.html
389,http://6tuw1j9say00.ignorelist.com/ref=0.html
390,https://me2.do/GRmLBfao?userid=tGXHgI5x
391,https://monetization-restricions-issues-submit-here.replit.app/next.html
392,https://business-case-1000938272446.gdbuildingservices.com/
393,https://business-case-1000938272978.gdbuildingservices.com/
394,https://business-case-1000938272371.gdbuildingservices.com/
395,https://alwayshkg.com/
396,https://randomstring.alwayshkg.com/
397,https://1npost.064512542.xyz/znydoliy/fwLEq3/7
398,https://checkpoint.alwayshkg.com/
399,https://1npost.164512542.xyz/znydoliy/fwLEq3/7
400,https://pagecheck.alwayshkg.com/
401,https://ddpd.464512542.xyz/znydoliy/fwLEq3/7
402,https://ddpd.564512542.xyz/znydoliy/fwLEq3/7
403,https://allegrollokalnee.764512542.xyz/znydoliy/fwLEq3/7
404,https://allegrollokalnee.864512542.xyz/znydoliy/fwLEq3/7
405,https://allegrollokalnee.964512542.xyz/znydoliy/fwLEq3/7
406,https://allegrolokalnie.96451254.xyz/znydoliy/fwLEq3/7
